{
	"format_version": "1.8.0",
	"animations": {
		"b1_default.point_and_shoot": {
			"animation_length": 2,
			"bones": {
				"left_arm": {
					"rotation": {
						"0.0": {
							"vector": [
								0,
								0,
								0
							]
						},
						"0.75": {
							"vector": [
								-70.16314,
								25.63465,
								6.55456
							]
						},
						"1.25": {
							"vector": [
								-70.16314,
								25.63465,
								6.55456
							]
						},
						"2.0": {
							"vector": [
								0,
								0,
								0
							]
						}
					}
				},
				"right_arm": {
					"rotation": {
						"0.0": {
							"vector": [
								0,
								0,
								0
							]
						},
						"0.75": {
							"vector": [
								-66.15088,
								-11.72145,
								-13.0867
							]
						},
						"1.25": {
							"vector": [
								-66.15088,
								-11.72145,
								-13.0867
							]
						},
						"2.0": {
							"vector": [
								0,
								0,
								0
							]
						}
					}
				},
				"blaster": {
					"rotation": {
						"0.0": {
							"vector": [
								0,
								0,
								0
							]
						},
						"0.5": {
							"vector": [
								27.5,
								0,
								0
							]
						},
						"1.25": {
							"vector": [
								27.5,
								0,
								0
							]
						},
						"2.0": {
							"vector": [
								0,
								0,
								0
							]
						}
					}
				}
			}
		},
		"b1_default.roger_roger": {
			"animation_length": 3.25,
			"bones": {
				"left_arm": {
					"rotation": {
						"0.0": {
							"vector": [
								0,
								0,
								0
							]
						},
						"1.0": {
							"vector": [
								-37.64866,
								-26.81612,
								-134.042
							]
						},
						"2.0": {
							"vector": [
								-37.64866,
								-26.81612,
								-134.042
							]
						},
						"3.0": {
							"vector": [
								0,
								0,
								0
							]
						}
					}
				},
				"bone": {
					"rotation": {
						"0.0": {
							"vector": [
								0,
								0,
								0
							]
						},
						"1.0": {
							"vector": [
								-68.36598,
								-45.41054,
								-15.77241
							]
						},
						"2.0": {
							"vector": [
								-68.36598,
								-45.41054,
								-15.77241
							]
						},
						"3.0": {
							"vector": [
								0,
								0,
								0
							]
						}
					}
				},
				"right_arm": {
					"rotation": {
						"0.0": {
							"vector": [
								0,
								0,
								0
							]
						},
						"0.5": {
							"vector": [
								-15,
								0,
								0
							]
						}
					}
				},
				"blaster": {
					"rotation": {
						"0.0": {
							"vector": [
								0,
								0,
								0
							]
						},
						"0.5": {
							"vector": [
								35,
								0,
								0
							]
						}
					}
				},
				"bone2": {
					"rotation": {
						"0.0": {
							"vector": [
								0,
								0,
								0
							]
						},
						"0.5": {
							"vector": [
								30,
								0,
								0
							]
						}
					}
				}
			}
		},
		"b1_default.mind_blown": {
			"animation_length": 4.58333,
			"bones": {
				"head": {
					"position": {
						"0.0": {
							"vector": [
								0,
								0,
								0
							]
						},
						"2.5": {
							"vector": [
								0,
								3,
								0
							]
						},
						"4.5": {
							"vector": [
								0,
								14,
								0
							]
						}
					},
					"scale": {
						"0.0": {
							"vector": [
								1,
								1,
								1
							]
						},
						"2.5": {
							"vector": [
								2,
								2,
								2
							]
						},
						"4.5": {
							"vector": [
								2,
								2,
								2
							],
							"easing": "linear"
						},
						"4.5417": {
							"vector": [
								0,
								0,
								0
							],
							"easing": "easeOutExpo"
						}
					}
				}
			}
		}
	},
	"geckolib_format_version": 2
}